User email,Password,Status
mark@gmail.com,1234,ADMIN
olga12@gmail.com,9876,ADMIN
Alena@gmail.com,2468,CLIENT
Jonh@gmail.com,1357,CLIENT
dUf1xWyoez@gmail.com,8HvfMuVykh,CLIENT
tiR0NsUNOK@gmail.com,2G1cpT4esc,CLIENT
fK7l6s1682@gmail.com,x8aFCdid6D,CLIENT
WF24y77saI@gmail.com,M0MqPjbRqf,CLIENT
zG8E8odazm@gmail.com,SlV886yZvp,CLIENT
UoffMlqcLN@gmail.com,oJ5Sk7gn5I,CLIENT
VPCQCazLUf@gmail.com,aLyj5OzwWc,CLIENT
DaoU37Mrty@gmail.com,qP2Psdu6I7,CLIENT
dCAYKRLLra@gmail.com,WOzZoYwPJD,CLIENT
xuSwWdVso0@gmail.com,dJrTjZzVJy,CLIENT
pPngvpwdVQ@gmail.com,rVcdZpIex7,CLIENT
6OK7Ar3Vn6@gmail.com,XdRjuj2oSK,CLIENT
eqFCap4OSf@gmail.com,79fu9xQ4t0,CLIENT
gshK1UvOGy@gmail.com,Oy35iqUPlC,CLIENT
Sl9CtqfPsS@gmail.com,1QBJ0RPnm2,CLIENT
iqz8IidAPW@gmail.com,JUG9ggLDRe,CLIENT
m9oEy3z7ev@gmail.com,CATD1Bq3eB,CLIENT
OPXZHFsfph@gmail.com,xYK49P2cRo,CLIENT
aGsIdPNt4E@gmail.com,iwZXhESMBJ,CLIENT
MR3IEzj5ph@gmail.com,Rxhbs5Dozf,CLIENT
95UoFptheo@gmail.com,cGhxx30gMH,CLIENT
k0yNefrcCt@gmail.com,OusGOnzodq,CLIENT
owmCzkeAn6@gmail.com,1I20DkqKag,CLIENT
mKIfw7Gnkt@gmail.com,fulgeyg1oV,CLIENT
w3khmBo8yS@gmail.com,lfCVXx8QkS,CLIENT
lt3irN5cVh@gmail.com,boDPbyp3gu,CLIENT
MlD2eYB3oZ@gmail.com,MKb2jp2JEY,CLIENT
thV9id5Wv2@gmail.com,3pa2UxsUBa,CLIENT
HxcphdLTkz@gmail.com,qqPpzFrg0w,CLIENT
29xLcnQsTe@gmail.com,mE5UxHnTzb,CLIENT
RyVOggsj03@gmail.com,CdyYUb67rp,CLIENT
aC0JYyIoTS@gmail.com,qOdJQ3tDkh,CLIENT
SRtekMCSYu@gmail.com,uCzRC47eAC,CLIENT
XZNyWoqY4z@gmail.com,N74ujl5OXL,CLIENT
3UyuayyWkt@gmail.com,UDHbRfyFRI,CLIENT
W7Amh4TkFE@gmail.com,W4O4ZgXF4Y,CLIENT
iwjSKZKmoW@gmail.com,IsodWC78YZ,CLIENT
jmVhFtU6G5@gmail.com,9ZILdgk59K,CLIENT
k0OxKoaw0e@gmail.com,FxSkAtHRzS,CLIENT
0jaJDC6Pg4@gmail.com,BQ9BYWQF8w,CLIENT
CywCowOqau@gmail.com,4w6W4Ma4ai,CLIENT
R9T3tLSQO6@gmail.com,TAYdeR99g1,CLIENT
TvBmKwAlzh@gmail.com,mmo4KZFSin,CLIENT
5zqse6C2f4@gmail.com,FUvUbzd6BR,CLIENT
LaeAFajOhn@gmail.com,HEb1Rl5KA0,CLIENT
RQiUgOcSFp@gmail.com,OKx5ERHTFr,CLIENT
8Xm2CHHogo@gmail.com,K5OuLpWFRr,CLIENT
0ayU950jzW@gmail.com,UyTHyWNuSw,CLIENT
FyCHpEqJRM@gmail.com,9FTRutV9cV,CLIENT
lnRuAZgxre@gmail.com,AqbM1sqTgl,CLIENT
adkM4aWPsB@gmail.com,65XUEVQl4e,CLIENT
GVoRPsGjQJ@gmail.com,Rs7SEEvwzy,CLIENT
LhraDajNuu@gmail.com,fe9HIWqakW,CLIENT
eHZvzjfahb@gmail.com,lHSfR141Kb,CLIENT
3nU7eMWvmp@gmail.com,2dpske4dgz,CLIENT
HCe6GaulZZ@gmail.com,rInSReRgpM,CLIENT
9wmzGAMllJ@gmail.com,2YnPnXz8Ox,CLIENT
8nBQpoj9AW@gmail.com,1UhCbklxTd,CLIENT
k34p5iq1WN@gmail.com,hsZTmZPHFe,CLIENT
1a8SXh0w9D@gmail.com,rXrwi2487W,CLIENT
biXmV3z9MA@gmail.com,khuL3xRs6r,CLIENT
zG0yZCXUCy@gmail.com,OzixVXNe6u,CLIENT
yEExPQpfeQ@gmail.com,IXduhv7ZvZ,CLIENT
pGljfPf65Y@gmail.com,Zv8a2aReGv,CLIENT
83vOZSWVur@gmail.com,gG4zQRYOc8,CLIENT
99hUlhgzUx@gmail.com,Iqa5IwNm5q,CLIENT
5pqB5aiGgk@gmail.com,iTGKuJ9KnV,CLIENT
KkDM6059JO@gmail.com,5HiEP4oNhA,CLIENT
Qdyic8jjgX@gmail.com,PLXur00PhF,CLIENT
aqOYz4MMQB@gmail.com,qtyNxYdXjw,CLIENT
op3wmtSl4b@gmail.com,b1UgcosRQz,CLIENT
QtnDcjUo14@gmail.com,QI7VOsTJtq,CLIENT
LyrFj7E11k@gmail.com,s6hmVOFwQy,CLIENT
ZpwiAUYUFc@gmail.com,EzTwxGy72W,CLIENT
9LEiDadZt0@gmail.com,vghwdIPRlF,CLIENT
49JbjUSNGp@gmail.com,MKkQYkMlFG,CLIENT
9bHzEfSiXM@gmail.com,iXIjiyMlBZ,CLIENT
Vb4PmLQwOe@gmail.com,gPiwucj2BV,CLIENT
MgIxdcqyYi@gmail.com,bg60v41d8g,CLIENT
MySatFQSRu@gmail.com,VGZLD8e0cv,CLIENT
YqmNYfZE98@gmail.com,AldnVG4htT,CLIENT
Y2lhSdM0RM@gmail.com,R2cIWoEoMg,CLIENT
A4a5k4GeKp@gmail.com,Hj3mI6JOt0,CLIENT
w1fdXVKZ0T@gmail.com,SSCXaQXgwm,CLIENT
9xZmTIUIRg@gmail.com,9crtCS0ATk,CLIENT
Wks3clh7Vl@gmail.com,6UkqMp0WkS,CLIENT
hJgP0EVQ2T@gmail.com,7egX7r9OAj,CLIENT
xorUj8Sl45@gmail.com,2XCxPOU2XN,CLIENT
NZRXCeiugi@gmail.com,aokWcfYlHn,CLIENT
1IAMFOxtUF@gmail.com,37MuPK78Pf,CLIENT
G9U8riLvFm@gmail.com,tCJJ6FaZhr,CLIENT
sDdR47zcIg@gmail.com,mIlCyWaqy7,CLIENT
BpUJPksxRF@gmail.com,uAfxwNwfuU,CLIENT
oYvI43o3CR@gmail.com,33xvKGlcYv,CLIENT
tkloguOWui@gmail.com,Fdn2Kp0zfQ,CLIENT
qEwmkGH5Yw@gmail.com,TyVm0W9AZd,CLIENT
APAAfd5TfL@gmail.com,rVlZYInxvm,CLIENT
PvMeJ6VfVT@gmail.com,fv0Frxx8s4,CLIENT
WvdfkDQ0yB@gmail.com,510CrKhUnJ,CLIENT
ryicpd9OLz@gmail.com,n19HzCA0jO,CLIENT
i9UOPFHDGZ@gmail.com,JU8VjseRdb,CLIENT
l7tAKVNnyA@gmail.com,YnqmkcUeJA,CLIENT
8LdTczz6in@gmail.com,pGFc48YrdG,CLIENT
QIqGtqekoA@gmail.com,il9TqjtMRH,CLIENT
mdCgAPlNk9@gmail.com,IVewW6KFoD,CLIENT
8fGjs1Yp2x@gmail.com,9460z7AmF9,CLIENT
b4RHFsxUry@gmail.com,Ih2DchmoG9,CLIENT
ZbrIWGJXq4@gmail.com,9T7HM6zG1g,CLIENT
DO5MlLuWhQ@gmail.com,jlyQmpYMFc,CLIENT
XcHdNJN4gJ@gmail.com,AsD0bLUpas,CLIENT
LQNc0EFbut@gmail.com,ntOgiknkOJ,CLIENT
kaLMMSExJ8@gmail.com,YPGTlPJwtL,CLIENT
5sHNrWBmtN@gmail.com,XWCR6zHrBS,CLIENT
vU8UPsmdLM@gmail.com,7wob6yuKmX,CLIENT
HrzZiDMbZz@gmail.com,uF1VmBAmiR,CLIENT
12k9sXHzSA@gmail.com,rM8o1bW0ff,CLIENT
V2SYuq8r17@gmail.com,2e4C8Ia9gc,CLIENT
gU3LD8yk5B@gmail.com,1pF09EjsFO,CLIENT
DdNmOP5gIC@gmail.com,ZrHAeLiVLv,CLIENT
UZatPr0RcP@gmail.com,BqhgVAA3IM,CLIENT
r3tKVPOYB0@gmail.com,9KjQ2ZrqPU,CLIENT
NWTCZyNtoI@gmail.com,zGeby3NdJ6,CLIENT
bs6Tx1e5EY@gmail.com,1pl7A6fd5F,CLIENT
pOnxrHSrk3@gmail.com,W9pc1X4zqq,CLIENT
dFW4rnMZ2G@gmail.com,QY3K0cJz5G,CLIENT
9Feztj6xPM@gmail.com,WjxziZeBFV,CLIENT
gUAMUfkNP8@gmail.com,tB4No4uTrd,CLIENT
0XiAkrJJUr@gmail.com,9zJujZw9g2,CLIENT
JuUsql6VY8@gmail.com,H0abwpb9DY,CLIENT
ALt1Yowi3F@gmail.com,j6fJ1HmSbe,CLIENT
vjGFQFrR7f@gmail.com,Uy7ImtWlY6,CLIENT
9xMY3M6wXf@gmail.com,jMDy6tIS50,CLIENT
blTnfkj1jS@gmail.com,UlcBNdDqfG,CLIENT
eKySRP4ZIS@gmail.com,Ql7Tvrz091,CLIENT
I05sAbHhFw@gmail.com,pnozAsKoWA,CLIENT
7FYaqaLzmQ@gmail.com,vuMgyYcV5Z,CLIENT
5t2WPRkRHp@gmail.com,809FgqrOcP,CLIENT
ZYpCcUVVXk@gmail.com,a5Hj6nPCAy,CLIENT
diSew7CUDc@gmail.com,8LSrpfVvU5,CLIENT
rqa4zc6Yug@gmail.com,5YHlfZLoYQ,CLIENT
CpFeAeXEqz@gmail.com,OHvTy5OI0g,CLIENT
sw9AxExfZ0@gmail.com,v0YTv2OeKW,CLIENT
NEXSiHvEgS@gmail.com,ewkcRO3b2E,CLIENT
GmRdyOmVLv@gmail.com,y1KZ18l5fq,CLIENT
EFI1pBcOqZ@gmail.com,eczjwnXbEq,CLIENT
EMk349w4sm@gmail.com,fAlkywGWcW,CLIENT
B3tdHUVeL8@gmail.com,M7PNWfVN8h,CLIENT
YgdSI3QMs4@gmail.com,IAwT9e8EMP,CLIENT
ESkrJ9w3d5@gmail.com,BMSvypzLbw,CLIENT
o9J00bzjIS@gmail.com,dwAdTqBzcg,CLIENT
55mRidUVo9@gmail.com,88V5oICYZf,CLIENT
rlPGJToYdJ@gmail.com,8Cxf9xaduP,CLIENT
cgFRKP0X2y@gmail.com,gj0Iw4cSW0,CLIENT
zRH9nCCaOi@gmail.com,WfRuUqERaA,CLIENT
ViDxQl51Kv@gmail.com,RsRXuzKZq7,CLIENT
tNY5JaYFoJ@gmail.com,bP3n8JvzMm,CLIENT
XToXLkK38o@gmail.com,gUo9bBbihb,CLIENT
hmuOBXPsWS@gmail.com,fiYBXeSiFM,CLIENT
SKIUj8BgnQ@gmail.com,yAFsOQfbZh,CLIENT
vcdqkOmyhy@gmail.com,RyJ0n6Qglm,CLIENT
pTU8PvmHy1@gmail.com,3FPWqAkM3I,CLIENT
FAnlvfAYj0@gmail.com,45C1hh6U62,CLIENT
48xmOiVXW5@gmail.com,mH1BuBt1WA,CLIENT
pI3n5Ej1Ql@gmail.com,8DBioLzeoI,CLIENT
DAHIVMshsw@gmail.com,c9zsIFWN5c,CLIENT
dJSQx6zpX8@gmail.com,cC4baCpekp,CLIENT
ogOqLJtt8G@gmail.com,GU9HW35jlg,CLIENT
Kh5UgfakSM@gmail.com,ftAdEyYfQx,CLIENT
Q9URmM3kWg@gmail.com,a27NgiyWHx,CLIENT
zkK9NRDHdy@gmail.com,1JaYImTXeK,CLIENT
SLm0ZWuJCf@gmail.com,KFZOgwWt3m,CLIENT
J8OguSbamn@gmail.com,dLmkscjM5n,CLIENT
WQb6Q5V9Wr@gmail.com,LUU6Fp5Xp8,CLIENT
ctjnwBtNl3@gmail.com,iTfyO3wWX4,CLIENT
rLTU19QBDx@gmail.com,33zEaCGnmu,CLIENT
aaLXoEMS7m@gmail.com,XmlcwY5tY2,CLIENT
17cMsxTwmn@gmail.com,zmHVK8Zm2g,CLIENT
evnLghixDo@gmail.com,dNitGzaG5Z,CLIENT
nl9VTZJak5@gmail.com,akNVUZ3gSf,CLIENT
8FsGId3020@gmail.com,pV5CP3musf,CLIENT
j6aV33ZO8g@gmail.com,9lz7M1qiYP,CLIENT
K4izHXjDuZ@gmail.com,eTLqLKqRGU,CLIENT
45CUQKzXfa@gmail.com,lsAMq7PcPD,CLIENT
EG0rQC9iuu@gmail.com,QTmzf6qD4H,CLIENT
qEwmPN1oUP@gmail.com,QRQRKTjzcj,CLIENT
FhXcqOXztP@gmail.com,bQdu318FaA,CLIENT
aChLTh1hYJ@gmail.com,IcWYP7oyBz,CLIENT
ExbCknMMq7@gmail.com,Xtgbj7TBtC,CLIENT
MFa0ewbCMh@gmail.com,1K3ZlqBryH,CLIENT
dCycrDR07d@gmail.com,EwkOi1FZSK,CLIENT
7LMN5voF90@gmail.com,W9sMDg5DTG,CLIENT
LCUth93oFo@gmail.com,fgmt82MUE0,CLIENT
SbWUlyUr4d@gmail.com,3ZwIS8AUxr,CLIENT
FYNoFq9vnY@gmail.com,eF28j8GIHe,CLIENT
Wse4uIo2SD@gmail.com,Gp0gfOp331,CLIENT
agYL5cfCQT@gmail.com,PNuxV9swnY,CLIENT
cWm6eiVE6x@gmail.com,13aKaLUmVT,CLIENT
JG6ifwu94c@gmail.com,a59iBkVdZQ,CLIENT
b33362gjqC@gmail.com,pe4GJI1r6n,CLIENT
XhA6OoLgf5@gmail.com,c6osnyLdaH,CLIENT
qwDdJGxfC4@gmail.com,hAb94Ynb85,CLIENT
HgA88weSZs@gmail.com,zZVBS5xu11,CLIENT
DwY9FsVzdZ@gmail.com,GrrSCHVH20,CLIENT
ffXQqC1Xgr@gmail.com,PAb3mCIenA,CLIENT
Q9bX21s44Q@gmail.com,JlkPzxGPeD,CLIENT
11PoSu6Zov@gmail.com,BHBAi5LzR5,CLIENT
kPVn7GVZSC@gmail.com,2JO8wSfNiQ,CLIENT
hncMwWx9uI@gmail.com,G0K2msHuRH,CLIENT
a3kCGf74yu@gmail.com,zQE9JbegD1,CLIENT
YsCfV2LQlV@gmail.com,HhzO82tPQF,CLIENT
X9nXGurCx9@gmail.com,It0AWqtgLo,CLIENT
lb3M2TqhWX@gmail.com,9PdMTld9dL,CLIENT
kCN2aTIhev@gmail.com,A96RIPlZfK,CLIENT
3317b3nPXo@gmail.com,OIREisQSHu,CLIENT
rhpzihM9Q4@gmail.com,pRqPjHEQyG,CLIENT
zIN30eTOp3@gmail.com,GM2ONm6TMi,CLIENT
HZsFCZuZTv@gmail.com,YqUbPIMm8D,CLIENT
2rcM7PrreM@gmail.com,WBgMSPJpil,CLIENT
w9NJgOp3VC@gmail.com,pB4jScBL2X,CLIENT
gJ83908Qpo@gmail.com,5wcokl0Z0F,CLIENT
NZvjc6j7Pk@gmail.com,M20FaWeKTV,CLIENT
3XupprSgZG@gmail.com,YG5nWJ9Yf3,CLIENT
5fk7O4TbhF@gmail.com,NmCkBbVit9,CLIENT
SUVouNm5wk@gmail.com,1VUEQJkU8u,CLIENT
5VIRCNGQqs@gmail.com,gIhf90PzOI,CLIENT
wewkgqJnoI@gmail.com,C1P8kfz9L7,CLIENT
JXkpwJtX1u@gmail.com,3BAJPpKluB,CLIENT
toJGkbJNSK@gmail.com,xc6yE5B8xW,CLIENT
anEfXKkc6T@gmail.com,jnGHhGHfbC,CLIENT
UNKLPv8y0r@gmail.com,Fvh5s3Kcke,CLIENT
CAq3XmtLKb@gmail.com,WNfwHYXk7q,CLIENT
f0PAUPtz05@gmail.com,Dp88Hv6Yui,CLIENT
hYfIo5Xrxv@gmail.com,EUzC4tG0cQ,CLIENT
4767eiyex2@gmail.com,am6JnHz2N3,CLIENT
RxJQhDfqIV@gmail.com,vilRMPGQ1v,CLIENT
GghtU2ufN4@gmail.com,Dr2f6MnY7b,CLIENT
B2VkEyelyT@gmail.com,RCtx0CQJQe,CLIENT
ufKOJjyBLI@gmail.com,eGCtt4ncMm,CLIENT
rvV3FZvObl@gmail.com,IjeEOXEQLe,CLIENT
OAS0QxbLcJ@gmail.com,pP10snZYPA,CLIENT
rR3YzLsIXu@gmail.com,oJdQNhxy0o,CLIENT
GuBrOjl3dY@gmail.com,DHHtVwXrWX,CLIENT
qKRNETSn5f@gmail.com,cMwJWsdaWG,CLIENT
2yN7ZjB0Yx@gmail.com,OZmTlPAb63,CLIENT
Wi3k7jt6s6@gmail.com,4ialXaytTb,CLIENT
LlQrMXvowg@gmail.com,gvpv5cqrfv,CLIENT
4sLlBi0IlF@gmail.com,T1lGwxQA7e,CLIENT
Ikbk4aop8Y@gmail.com,tqQi2lRHia,CLIENT
84uEZjPdGS@gmail.com,n31mRyLln4,CLIENT
zeBZuZuNBd@gmail.com,DcxnFpwrxX,CLIENT
kFxw0Zw6Qm@gmail.com,edYght91hW,CLIENT
PGrwq4kUM2@gmail.com,1WlTYEneqk,CLIENT
27PBpvUkdu@gmail.com,zKZ6PI06aZ,CLIENT
52BX32wxUU@gmail.com,AIS1yhyYfY,CLIENT
ThPsBzwceE@gmail.com,tXrZInnnsG,CLIENT
sdj1fLFOUa@gmail.com,08Kg1Xsoue,CLIENT
iM5zufB8lA@gmail.com,4VtHYvyhtd,CLIENT
xxpfG5vANj@gmail.com,YPnuyVTxGo,CLIENT
pSyZpv52Bp@gmail.com,aRNf5cAUcL,CLIENT
nosTWmbMOn@gmail.com,jMnTaCmOFo,CLIENT
PMOTS7QUZa@gmail.com,W7PQpXtURn,CLIENT
Cerza8dzTa@gmail.com,OqSMTL2rHe,CLIENT
pnEClZjhH1@gmail.com,oNsbQWZWd5,CLIENT
KCvtJ2pVp5@gmail.com,ifeojPaYZ8,CLIENT
YaA4XX2VDp@gmail.com,PFbs6Z0GeQ,CLIENT
vP9fY2k2gy@gmail.com,77HaIPfxLL,CLIENT
iZpsSuJJuR@gmail.com,YTWzkzzpdi,CLIENT
OAy5qix4Bn@gmail.com,AYMU6emlZE,CLIENT
nNO0IMzrrn@gmail.com,R2RTwcBkmk,CLIENT
YDCnJyXf1p@gmail.com,HgSiIGS7TV,CLIENT
TEZlk9ljaO@gmail.com,zN2zS1nJbP,CLIENT
0edWCtuKRU@gmail.com,N7lbNM6rY0,CLIENT
llqi6BzLnu@gmail.com,bCAfk69aqM,CLIENT
Nm0Kmen4Tx@gmail.com,NGfiaijBFI,CLIENT
MYy5yuSAOj@gmail.com,sTCMAFA9y9,CLIENT
qKwWPfOqpt@gmail.com,ACR9SNcT0p,CLIENT
LKrevwYyDK@gmail.com,auj1JEwd2C,CLIENT
t8VoBHG0sP@gmail.com,3M95pkXSSQ,CLIENT
obiiqdHXYk@gmail.com,2lYX5uwybs,CLIENT
PZvbb2rxWU@gmail.com,sg2ySFxvTz,CLIENT
1dNv5PzuHt@gmail.com,ZjgZjC6mZr,CLIENT
9qjpT9iAi7@gmail.com,np8XixSspv,CLIENT
7cKMkWmYUF@gmail.com,LnihaJkonf,CLIENT
75eGtpZ5AE@gmail.com,rfJd3hPYFQ,CLIENT
zwDCpzlsoA@gmail.com,xYsUcaJbzn,CLIENT
c4LiHPJI4k@gmail.com,gYw86IyklV,CLIENT
E4CYTnuzfZ@gmail.com,wYXmO0pDXZ,CLIENT
UPaLO14EKG@gmail.com,6EadogmIpq,CLIENT
pCMzBB2mZI@gmail.com,CwRFxnEMKs,CLIENT
ggZYVrxF7M@gmail.com,Cu7BKiXoZJ,CLIENT
PA88SfX1H0@gmail.com,NslynNV22S,CLIENT
v33AEqYaaj@gmail.com,pByI4PUk3d,CLIENT
vJEj7cCmnG@gmail.com,GGvRQ0Hc2I,CLIENT
KBoGzmxm0N@gmail.com,HHvngTtaLv,CLIENT
9ETz4lOiJU@gmail.com,ctrOHurilQ,CLIENT
EungK02XzT@gmail.com,GxPQ9GI9eB,CLIENT
THIZ4249vu@gmail.com,Trmtup7ND3,CLIENT
KdMXE8Asey@gmail.com,7AYJFirR7D,CLIENT
F9KFD7Ybb2@gmail.com,z4QJ8b9llz,CLIENT
Tc15bsfyG0@gmail.com,oiOVmYi31k,CLIENT
alonso@gmail.com,pass123,CLIENT
Anita@gmail.com,Hello,CLIENT
HubmgNOY0x@gmail.com,dalprarCaK,CLIENT
Su70Ed5YZ2@gmail.com,QTdCMz6pzA,CLIENT
XTKwbVRKB3@gmail.com,R9G4F4fpPa,CLIENT
PJKhqg5VEC@gmail.com,Csxkj7nGKO,CLIENT
JQ3EJd35yr@gmail.com,hUYqC0Yktb,CLIENT
a3GP62XVdp@gmail.com,ETPJXjVMSL,CLIENT
taoizvea4A@gmail.com,CgwgWarOt7,CLIENT
S1UTKvWikd@gmail.com,2Cq5cFpZid,CLIENT
EFFiy3CFP0@gmail.com,UXQvmPJgal,CLIENT
7irD1HMnXG@gmail.com,yvHcDL8vB9,CLIENT
daVNmmRTJt@gmail.com,lbPzZebs3w,CLIENT
5uVUnNivDR@gmail.com,BFWfmQ8Gl6,CLIENT
jO2lgt2fJS@gmail.com,3yvybTIPwS,CLIENT
PNDceSiIZm@gmail.com,TxCkrDH4da,CLIENT
fWHktJfS0b@gmail.com,kUd9Vvkak0,CLIENT
FPWeH81wfr@gmail.com,9nzXWMQNea,CLIENT
td7Hy4UuOz@gmail.com,QGWRrr6txu,CLIENT
ncIbndhju6@gmail.com,0gQMIOPw7B,CLIENT
S2y61K4XvU@gmail.com,8js1JjYJBU,CLIENT
OXn3DA3KBB@gmail.com,7Fv1E3Luh8,CLIENT
VxYJc1XyT0@gmail.com,4FdzliGYhl,CLIENT
1dfLdzGa6h@gmail.com,ATDKqBthvB,CLIENT
hbBmUuKOjh@gmail.com,JNigEr22e2,CLIENT
6d5v81U9wS@gmail.com,wmGaSYEnPQ,CLIENT
9fADEgSa3l@gmail.com,IQ94kZK1F1,CLIENT
EeZwRFjVAv@gmail.com,peNOkqegan,CLIENT
ffIsIe71Zc@gmail.com,s81mSMA9RC,CLIENT
PHFdn41eJB@gmail.com,3eolE08kXr,CLIENT
36TUbKLGGW@gmail.com,1zotWpcL2k,CLIENT
zx0LEAbqjl@gmail.com,aaoWCsHwMX,CLIENT
uJIIy3wipI@gmail.com,rP9QkuU07t,CLIENT
RbcETE2rfv@gmail.com,j206Oo9gIU,CLIENT
QUPGyr4xuv@gmail.com,wLfnOn1oQv,CLIENT
K9hhX1ELll@gmail.com,B9izXYC8IB,CLIENT
ZGc9uGkuvb@gmail.com,0mexjSz39u,CLIENT
TVGP9PUjMl@gmail.com,YGKwsQZzVq,CLIENT
Ns4iXjRcWr@gmail.com,daktQX6COo,CLIENT
p0j4cfRmnm@gmail.com,VRmYbMPowm,CLIENT
HIBZmO3zXD@gmail.com,7SO4YWzyNt,CLIENT
SRK6S57elJ@gmail.com,5VeUS6Qq0Y,CLIENT
jFBrEHfx7o@gmail.com,KHEbaYnPAI,CLIENT
VrmMoPDaLT@gmail.com,ZE5NF0Ap2c,CLIENT
w0W9HjodPC@gmail.com,FHmBrAkQOC,CLIENT
TWi6j8pp4k@gmail.com,j5Sj7NpjMd,CLIENT
t3Bs3FbJ8J@gmail.com,ImR016mpuV,CLIENT
AVd6KqIKfQ@gmail.com,IzvuS7sscF,CLIENT
qFVHFpQqGP@gmail.com,Ui0R2Yj05w,CLIENT
49wzufuy5I@gmail.com,COhKydfm8u,CLIENT
dezKfhHFoq@gmail.com,Q7hcpeqxfN,CLIENT
hJKYUE0S96@gmail.com,WaCARCumBM,CLIENT
10sDPbZ6XK@gmail.com,plHcrGWskA,CLIENT
c82AXCyrkt@gmail.com,g6j8t1j57W,CLIENT
X9WynXckFR@gmail.com,x59VjLHeAQ,CLIENT
URKaQbCMmC@gmail.com,M8xbXin2G0,CLIENT
ssGBy1Vlad@gmail.com,ee93dS2Qjs,CLIENT
FuIGVBSUeH@gmail.com,qj4OSfPwEI,CLIENT
6SbPyhOOd0@gmail.com,vBSK39USuG,CLIENT
Moe6E6vzHD@gmail.com,6KPEoHWprD,CLIENT
t9PMClr93Q@gmail.com,cl2fm1PBtM,CLIENT
lG6ueVsucN@gmail.com,x4c0P7uUaX,CLIENT
pdEiUn65Dk@gmail.com,WsMxOak71W,CLIENT
23L3wVdSi6@gmail.com,1HXyk4hU5q,CLIENT
Fx0kGSSSNu@gmail.com,BeJbyePr2v,CLIENT
7LFxtH9lKY@gmail.com,LD3q9uEK9d,CLIENT
sfd9guZ0al@gmail.com,jMysI3KSJw,CLIENT
gLtm2Ozr6f@gmail.com,zR8uPG940G,CLIENT
zabdnMzhuO@gmail.com,rYo6RkdTGH,CLIENT
nUdsG1RH9Y@gmail.com,ERv4rLPTSc,CLIENT
F2L5JQMdQ0@gmail.com,nLHoUWMVJN,CLIENT
q53wTbZIGC@gmail.com,JYk44pK3An,CLIENT
IPvXSle8vd@gmail.com,QjVDwZRguw,CLIENT
QYBpwGDvQ9@gmail.com,G3HKFwevi0,CLIENT
Lgd78bbWm0@gmail.com,58Bh73aWvW,CLIENT
1BLn3SMtAC@gmail.com,atQoRQERut,CLIENT
B1XfK2f0df@gmail.com,pKfOdHSJNT,CLIENT
E3CCJrLQsf@gmail.com,FE02sWD7fB,CLIENT
EswiwASrh0@gmail.com,kv1tUCvH0r,CLIENT
4N3DARWDkc@gmail.com,jvigoySeLw,CLIENT
ToqrDcVV38@gmail.com,HWxaZxMH4n,CLIENT
h2XqIKbVCi@gmail.com,kmdaMi7nnW,CLIENT
BiP7SjLdY3@gmail.com,pul5ZsAdC7,CLIENT
bOoYY6BoNz@gmail.com,NXBEbfuw57,CLIENT
xNAEMSz15S@gmail.com,JFDT6DV7Re,CLIENT
nMQ4wseIQ2@gmail.com,bGVOwCLgaW,CLIENT
1Mt4CW2Axc@gmail.com,W9h49LGJpL,CLIENT
JeEg6DSrCC@gmail.com,qFNDvAf2R1,CLIENT
eMuDvnPeRv@gmail.com,WL0AQKARGb,CLIENT
x9tFqargM3@gmail.com,ZSjAzAVjVY,CLIENT
79UKGnsW59@gmail.com,r869SYpEJN,CLIENT
09Oa7uFZXt@gmail.com,q0mPtQTKlU,CLIENT
b4xiBH8hux@gmail.com,AWaJEqZwxw,CLIENT
XJL3dfQXA7@gmail.com,gc8w6jvY7D,CLIENT
MBKRBJwSpW@gmail.com,zhhwONgRd7,CLIENT
nZ2nzZKmtw@gmail.com,NBnWtsY855,CLIENT
PdMIOQpYHi@gmail.com,iWKtuBH6BG,CLIENT
6Q9iOfr62A@gmail.com,2V1JfpHKWF,CLIENT
xAEy4MF4C6@gmail.com,GDguJMZ1SA,CLIENT
1KAkMsEWYT@gmail.com,0oyBeh9WLn,CLIENT
3XfNOdYxWV@gmail.com,Mw7g3RPquK,CLIENT
JUZyWHwcbv@gmail.com,jpTlHLKBxA,CLIENT
fhUkZez3sU@gmail.com,T4ypYh7J27,CLIENT
X7vQUYcVhq@gmail.com,5D3upT1jyE,CLIENT
sKFDcd9VyV@gmail.com,mxcL3sywfD,CLIENT
dS3kpttxhK@gmail.com,e3XbX5hHH1,CLIENT
gQ6zfcTf3Z@gmail.com,lblXifEqxU,CLIENT
wNYV66qEEM@gmail.com,P2ke4vlqwI,CLIENT
6iKzYl5uN2@gmail.com,hTTfvKss7W,CLIENT
CgUdUMwLRo@gmail.com,btAuggEvJO,CLIENT
VnBQWWnN4g@gmail.com,CnqA2PAqjH,CLIENT
3aNpTyFIil@gmail.com,s4LzazxvIu,CLIENT
rNXhoWbfUm@gmail.com,pNGJUo3hPB,CLIENT
GOa4TvyM35@gmail.com,mNoQv59lVo,CLIENT
lVJegMgaj0@gmail.com,rqDK2MP3qe,CLIENT
8xbdXTq8AK@gmail.com,kKlaDDvBsq,CLIENT
53A1yXP2Hn@gmail.com,LlaAt3MINm,CLIENT
Eb6owkvF6H@gmail.com,q4vTuZ0R5r,CLIENT
a4P9QlBo0p@gmail.com,c977EsQXBt,CLIENT
e133pNRzeV@gmail.com,8jb6Y0yzpB,CLIENT
RrUpAfOkR8@gmail.com,3fk0uod1Cj,CLIENT
Ep98HgrmxU@gmail.com,ez3l2Yhf7n,CLIENT
7mp7CeaoBF@gmail.com,SDLqNaAIeI,CLIENT
7nkgORCSzQ@gmail.com,VV1dDIobl5,CLIENT
XlF2XwrTQi@gmail.com,5wRAyo0K3e,CLIENT
zY3ZtJ567V@gmail.com,5m2i7A9wiX,CLIENT
YPqOmIwKM7@gmail.com,tvQM6MVKYw,CLIENT
7cJuYusJCY@gmail.com,0ak6Oi39rv,CLIENT
TV5tRubFPx@gmail.com,v51k69P4gX,CLIENT
30CN7Mv7e7@gmail.com,fXDgCU5Ei4,CLIENT
4pIPgOk3hC@gmail.com,VkfjdhOift,CLIENT
BxyzNXdcuh@gmail.com,m0ULBJzCF3,CLIENT
VrTp9wuFwC@gmail.com,pI8Bv6FMJw,CLIENT
noB1u4rp5x@gmail.com,n0uVs949CJ,CLIENT
ZRcZOBQ41Q@gmail.com,qjFIvDkUMA,CLIENT
AOUXfSiKax@gmail.com,IMLJZegBcQ,CLIENT
SDidIxy569@gmail.com,ws2RNj5wPx,CLIENT
uuV3L48BVQ@gmail.com,RyKQjommXy,CLIENT
HiYB9i21ds@gmail.com,RBbNEV4Mu2,CLIENT
Q1VAxwPfgH@gmail.com,2diwjJipeQ,CLIENT
PxgvfI1vqz@gmail.com,6xAj4CGgEi,CLIENT
6FFbbs07hY@gmail.com,vNFNtsBarW,CLIENT
ckWXLAiPfF@gmail.com,R4KtAZsa3p,CLIENT
uP5W9MNuuQ@gmail.com,G8XnJDC6lr,CLIENT
XLxBo1sBD7@gmail.com,11Dy4gLHOp,CLIENT
uQcsuG8hLO@gmail.com,sVSTbHGS4T,CLIENT
gm5K5xP828@gmail.com,CjDO58ip36,CLIENT
5UG1CSnuTE@gmail.com,TzKxFbN29h,CLIENT
HkFchAO17m@gmail.com,EX2oVzxIjz,CLIENT
sUkfQNVTSW@gmail.com,iUAhdNU2AE,CLIENT
QqLdZUTPYI@gmail.com,Tm576ns4Gj,CLIENT
qukkDq0ie6@gmail.com,rKEsmBrxYe,CLIENT
vcMVSfMMYW@gmail.com,4xx5EAfTYE,CLIENT
yLBNjhACI2@gmail.com,9eEwdU6hK6,CLIENT
y0tdKyMkPD@gmail.com,GTdmzwFv4Q,CLIENT
QrVRKP2ihR@gmail.com,90KCtXMFcP,CLIENT
X02DFIcUV1@gmail.com,u3DhJPNNvq,CLIENT
Mpjmf7PHzc@gmail.com,OTtxD9BH7Y,CLIENT
6lrSRm9NZB@gmail.com,xyJttKBsOW,CLIENT
QjvYT44KYT@gmail.com,LGJMeDIPv0,CLIENT
yN1BtaCwyN@gmail.com,4OnTsHtJij,CLIENT
YJ1WVH7zOS@gmail.com,CP63C0Faqs,CLIENT
33BmKjL8Pn@gmail.com,lLOOGAFIlo,CLIENT
5DGZq8Hmye@gmail.com,kvsLMxFa93,CLIENT
ZIngTFTCFL@gmail.com,kFYlDjDEBw,CLIENT
HIxoPgm2wH@gmail.com,PYrmUK5FQT,CLIENT
4GlqNbRFS5@gmail.com,lEIipHhSDO,CLIENT
m5VZRcyZK7@gmail.com,LPrwO3ZetX,CLIENT
bBkZEOOlK9@gmail.com,pJtpLbV2ii,CLIENT
p9rOd0lacB@gmail.com,5AAVu4b9qK,CLIENT
w33Pj1GrXC@gmail.com,KBRZmHPdVb,CLIENT
SU3OjDHCHP@gmail.com,0Cfvasbf0r,CLIENT
klIr71wKd8@gmail.com,FyzG1jTrsU,CLIENT
URapQ5QjFb@gmail.com,vJI5GYxw6S,CLIENT
9emjhe6vQt@gmail.com,aimbAZkv5Y,CLIENT
U9FiLEwwEW@gmail.com,HEwM2bdmEQ,CLIENT
2X79OdMIZA@gmail.com,CHSusM3xNk,CLIENT
FrgYRVzecb@gmail.com,mmzAJRg4Kk,CLIENT
ArJhmYJ70H@gmail.com,lz96hGRDYh,CLIENT
JL85OYtf1d@gmail.com,Ja1pjkziIm,CLIENT
IrCuDhC0xt@gmail.com,oiRXjs0vJX,CLIENT
uW2Jjprljl@gmail.com,2BOoG1S2SV,CLIENT
7gg6oiUtrf@gmail.com,LKviiz2zO8,CLIENT
fWYS9Z96o6@gmail.com,ZcwBShzLU8,CLIENT
8pmWrJnlJi@gmail.com,CkIER9f4Yx,CLIENT
LdLEVg6KnX@gmail.com,HRKzWlkVXa,CLIENT
V7nG5r6RJJ@gmail.com,qcrRaZna30,CLIENT
f61AmW612I@gmail.com,LGSCvdFjc4,CLIENT
T0Iw7w6gLU@gmail.com,yX5LY7oaoq,CLIENT
9t8rd3pZ1k@gmail.com,EOtB80lF63,CLIENT
IudG0dtQHl@gmail.com,lHZuaVMOaO,CLIENT
2Ahk7948up@gmail.com,KFbd7dl0uG,CLIENT
Dk9TEYcBXx@gmail.com,BOLsrmRzGg,CLIENT
ckZA5pGHr4@gmail.com,9ldIYNOH6Q,CLIENT
3V1pMd3UVC@gmail.com,oHZBFa6yBn,CLIENT
E0jXApmUzm@gmail.com,KGNNfl0CJb,CLIENT
oKRd8aqrNz@gmail.com,V0QlV0kv0d,CLIENT
IRwtqSJOL2@gmail.com,GRKfJ3VWYP,CLIENT
Zvfg4XJD40@gmail.com,fDqzsQl7He,CLIENT
H304y17vhB@gmail.com,Dz50JHEcOc,CLIENT
oFJRkfzr0L@gmail.com,XIXajBLbT8,CLIENT
fsRFYH7VIB@gmail.com,mXAXO01NRE,CLIENT
oBmRp82pbd@gmail.com,YHr5sqwes1,CLIENT
N3aQO2wG91@gmail.com,6x0fvi6OuG,CLIENT
3J1Rwmedjo@gmail.com,fv7Yyljuvt,CLIENT
GfZxuN775N@gmail.com,pcfH7Q2b7w,CLIENT
PNYPKxsdRY@gmail.com,i0nGOTttXt,CLIENT
bNYzw3Hyf6@gmail.com,fyeTuImdYK,CLIENT
UasjVjmZ6e@gmail.com,89ZLiAkniq,CLIENT
Zq7AbBj14j@gmail.com,9ioMMXc6jZ,CLIENT
ePBzN740Td@gmail.com,lj3Jz0cWLs,CLIENT
5ZWMlDlAOP@gmail.com,PZZSDQWDBZ,CLIENT
T5fI5WgbTC@gmail.com,gT6d88g5FL,CLIENT
6GAGiQBvan@gmail.com,zaCeTQfDYv,CLIENT
oVBmJBfpxc@gmail.com,TSpTANSurq,CLIENT
RZtKjYmTNf@gmail.com,p7q21gPCUp,CLIENT
NOKpxEvIPV@gmail.com,itrlgbRg92,CLIENT
uYZHSgOwDY@gmail.com,Y2lfCVoo1E,CLIENT
wT2knkMllS@gmail.com,gRcwm5mIvy,CLIENT
ZxfbfdW9le@gmail.com,rGj3Gl1YrD,CLIENT
ACg4Kxdkao@gmail.com,wwQIafAP2P,CLIENT
ryUQYjctSh@gmail.com,vYYucQ4Pre,CLIENT
t9EnPGA8yX@gmail.com,g6tdwptiO6,CLIENT
aBkF0ACqOo@gmail.com,bWdQbdaiWA,CLIENT
lMYIPZnX1z@gmail.com,xT44Jttm2m,CLIENT
V36w08fYHn@gmail.com,Z0X1Fh5XyD,CLIENT
jX8HJ0E4PY@gmail.com,OCDhhqnJSi,CLIENT
dDYrdkwgfE@gmail.com,AXmXTYswrD,CLIENT
iNhmmqZ507@gmail.com,gJ1NA6Mf4O,CLIENT
S3KN6sgXK0@gmail.com,gR9kN7kzoL,CLIENT
tHP1a9VrFs@gmail.com,p05fDkUAZ2,CLIENT
3qOsrABlfs@gmail.com,vUXph8z2AP,CLIENT
pm2y1RnorR@gmail.com,VPcw32V585,CLIENT
eW5hnAwixs@gmail.com,fC9yFgUnLr,CLIENT
cSoCNY5rXo@gmail.com,aBOInFx7K0,CLIENT
BnNGahxHg3@gmail.com,z1U7rQ8F94,CLIENT
RYr3xNNMb6@gmail.com,j9soa92CDs,CLIENT
eKsxNl8Hz7@gmail.com,1rjJm0g61K,CLIENT
lbCzG89DXd@gmail.com,BHi3JW9q8a,CLIENT
LVkPC8VEzP@gmail.com,geogu8Pb7U,CLIENT
ng5CSKoJBB@gmail.com,Uur8S1qguU,CLIENT
0neYZHpsKz@gmail.com,uSt58GwTQQ,CLIENT
i9zS3VncsH@gmail.com,0BCuy9nQAv,CLIENT
oPVKfSdJJT@gmail.com,jSkwXVQUjx,CLIENT
mGl0of3opD@gmail.com,BUjLMvDBfB,CLIENT
ASNwZWce0e@gmail.com,Mu55GW7akH,CLIENT
njv9Wy7jjj@gmail.com,kr9mi6KAiS,CLIENT
tIsgQMqENl@gmail.com,WnXcVcy1D2,CLIENT
YvPcku7RR2@gmail.com,FLeUgJibdk,CLIENT
Jp4OTd7oWG@gmail.com,boD5JQeA7e,CLIENT
zGp5legRk1@gmail.com,RpnbedVgsl,CLIENT
extMLi3qjd@gmail.com,QHx6Y4dTBY,CLIENT
V9X3VPrFVE@gmail.com,Xg60A1Znkk,CLIENT
VYhHpOdqT0@gmail.com,K0I3gpfiwk,CLIENT
fDe0kgCG6J@gmail.com,XcbWTuzLSq,CLIENT
04ins48Xtt@gmail.com,PhX84Ivjb8,CLIENT
gFvPKPSLtY@gmail.com,g6HUHhoX6J,CLIENT
XhrBpc9veZ@gmail.com,vp0p7ULanp,CLIENT
XZoGbQ6dfJ@gmail.com,OMCh0rd750,CLIENT
3cQ6HxWhlM@gmail.com,dpLRKGyPx8,CLIENT
krANYGF7Gt@gmail.com,xfnaP3V8ou,CLIENT
QM4umrX9VO@gmail.com,gooYnClFV7,CLIENT
CeZyCYJtyx@gmail.com,yIMmrM6cJa,CLIENT
Y103lZ3hSI@gmail.com,yrKWBSd4iJ,CLIENT
NUTp3W5fnL@gmail.com,rLp3nmP9Kt,CLIENT
Zf2DOMz5Lv@gmail.com,NANJNoO0aq,CLIENT
HX2cR9SA1X@gmail.com,IsuVhHBQIB,CLIENT
Rzt6wH94Mn@gmail.com,NolygkbkFV,CLIENT
T62DH1HBA6@gmail.com,9UeoU0jwzj,CLIENT
KYrVqjRl52@gmail.com,Y135kb9kQc,CLIENT
v5M6ETDtZf@gmail.com,QLwCMLzylf,CLIENT
eKnAkWQd85@gmail.com,eahOVuSDoe,CLIENT
OcLnsrq1e5@gmail.com,eICZ8cHy87,CLIENT
L9m2lAwMmF@gmail.com,RncLE8MXDT,CLIENT
O4B6erF5sH@gmail.com,jCV3YknZKR,CLIENT
yITCn8Carr@gmail.com,UNGgMf3BJN,CLIENT
GOFnxecY79@gmail.com,pZBoe1txiD,CLIENT
dZDN4lDeEh@gmail.com,ZQHZILaN1t,CLIENT
lWxV48TCJb@gmail.com,MJ2O2Xn7lH,CLIENT
J1Z5aBLhdW@gmail.com,2a4MmjVXid,CLIENT
8vROYgPzGy@gmail.com,a5Stx4QB9Y,CLIENT
WUx8CcekNV@gmail.com,ZCH3SlTnsz,CLIENT
rI2Qyy8mLM@gmail.com,Cp6y178fcE,CLIENT
aamUogEBlU@gmail.com,mOlXyqRcAm,CLIENT
Bm9PJCg1zn@gmail.com,oj8VnXhKPf,CLIENT
KAQMrGitz0@gmail.com,mnXkrvHAz0,CLIENT
JccJzM9rG3@gmail.com,xXgFzyIM6D,CLIENT
pnJ4ZEhxCN@gmail.com,s3nbdKs2Zf,CLIENT
J7oGH6NJwR@gmail.com,RHeeKNtAmD,CLIENT
tAottosYBj@gmail.com,dlxwjrdgZ5,CLIENT
NomfYjobkb@gmail.com,1vEKe8x8O9,CLIENT
tBRkbUzGI6@gmail.com,S9ja3V8uMv,CLIENT
hLLSIPyJeW@gmail.com,7F08mSydK0,CLIENT
L9EDMCmbcS@gmail.com,FBHPAyYZ1S,CLIENT
qR6ytYL41K@gmail.com,jrTKzH94fA,CLIENT
1VAz2jdOz1@gmail.com,5dHuPJDeZJ,CLIENT
5T5WD6I5uV@gmail.com,PLIQtQJA4E,CLIENT
riIHTFAYaA@gmail.com,7dFxmFDoeV,CLIENT
BaCNiH4Mcv@gmail.com,clKzU0Ygp9,CLIENT
mTTSLO2Uwt@gmail.com,6H8Cddptrp,CLIENT
buNOzlGynz@gmail.com,6BdHrhkoL0,CLIENT
xQPs3WbWkh@gmail.com,otvdXAHrPE,CLIENT
3T5NnHR0OY@gmail.com,x161RnmkHK,CLIENT
r92kAXFFrz@gmail.com,xnOTqVZpLy,CLIENT
Vxots7ta9L@gmail.com,hVJUSL0eNB,CLIENT
dneMzYEF2h@gmail.com,ST9W8iA0n9,CLIENT
X7WTzMrROp@gmail.com,tYXuT4qkQC,CLIENT
NUXxWEKj5I@gmail.com,AkcMZuMrbe,CLIENT
EWHrF50RHo@gmail.com,otnBzS3NOY,CLIENT
YzYkd1bNSs@gmail.com,WrfHRxp38q,CLIENT
3lvJJE83tH@gmail.com,D8zrapg8BU,CLIENT
T6n53rD2Vr@gmail.com,D7dPwv8ruq,CLIENT
8AaU5mxDA1@gmail.com,OcGsKCca5E,CLIENT
FyyXZ3z4AH@gmail.com,ULcLS95pWp,CLIENT
bYE43Et3sy@gmail.com,uxWuaiIPSC,CLIENT
pmE2FhWRhd@gmail.com,jtB38f6uTE,CLIENT
62Ggy2fpvo@gmail.com,8tLvrTU5Y1,CLIENT
4gWDyTReJn@gmail.com,kx9Ezb90cr,CLIENT
h9WPacLWqT@gmail.com,dXr8bOULjS,CLIENT
AGpTL8EROZ@gmail.com,8vRrss67c5,CLIENT
lWK2Qt7Drt@gmail.com,MgfOYCyu3v,CLIENT
Sk7G2yMHto@gmail.com,GKo5EkRJtp,CLIENT
9HdQWauwJL@gmail.com,5MjTofHOU0,CLIENT
tuu7yULam5@gmail.com,HcD2GdN9om,CLIENT
mJD0VbVYGW@gmail.com,xrGJkzg2Yv,CLIENT
BD5sLYBc8K@gmail.com,KyyxAaFulP,CLIENT
24vvzB8JFp@gmail.com,1ufaJtN69B,CLIENT
Xd7PlmBTNS@gmail.com,lKS2FQYUiM,CLIENT
gC23twGzwz@gmail.com,hsfYITSc3N,CLIENT
is1efvQDf5@gmail.com,qKYajfmlIg,CLIENT
b7uKw0yMwb@gmail.com,WnXMZSVLFK,CLIENT
bneuBUK9oD@gmail.com,DGKNynYGVB,CLIENT
JzyJcVjL9H@gmail.com,4sbndUYh5u,CLIENT
99YNtxYqOR@gmail.com,10uLEskyOR,CLIENT
LjUtpceiNv@gmail.com,mzN8bBAXSu,CLIENT
whIsLT3YmQ@gmail.com,2Brt6nyP7R,CLIENT
9hVeXbuJw6@gmail.com,2fS4zejszb,CLIENT
YQI7p7HAPa@gmail.com,ykPiL2TxLE,CLIENT
vvebsl7b5J@gmail.com,Gv8trvipAT,CLIENT
qAGNJFx1uv@gmail.com,FhgN3ZWjDU,CLIENT
Y66l7M8EEN@gmail.com,v9v0QuR7Dj,CLIENT
j1isOYaHej@gmail.com,J04H6FiHD8,CLIENT
wvfawMVxul@gmail.com,rnDJ91z7JM,CLIENT
0FtTAkCUqr@gmail.com,hClmLqgFXb,CLIENT
huS58GC1IS@gmail.com,DvIyLr5vZZ,CLIENT
8p6WNkhAoL@gmail.com,X0JktaLeAW,CLIENT
KhIqYHhBCm@gmail.com,ID1frGoTU7,CLIENT
2EFMRH8wll@gmail.com,j2iwSbRxVX,CLIENT
mCm22CK1Pv@gmail.com,mh8qDk6ZDR,CLIENT
QcFVCOlU0p@gmail.com,zOHvTcBIeT,CLIENT
kevZVL3tSu@gmail.com,i7D5PHPuAk,CLIENT
f45tOdeMH8@gmail.com,mtZWYlqZ1e,CLIENT
En4Zzo7li6@gmail.com,3pu20PIxG9,CLIENT
ZJWiGpJUdL@gmail.com,g7KhpFSRWq,CLIENT
Z7vi0CVOjH@gmail.com,PYwC84vhog,CLIENT
zoH1pouhX4@gmail.com,RJT0Eumeri,CLIENT
PUaeV2HQep@gmail.com,3b0YdSqCiG,CLIENT
lwwbYAmi6c@gmail.com,A3sEyWIfr2,CLIENT
bEJB9pPcQu@gmail.com,fX4Aye4M5a,CLIENT
wD0iEmp608@gmail.com,KeNPC7o2GD,CLIENT
UtywOaFCzr@gmail.com,wsy6xZmIsx,CLIENT
sc47gbQNq7@gmail.com,0GkxysUvK3,CLIENT
Z3d1ALDVPT@gmail.com,XaEiLL4vyV,CLIENT
l5IqPv2zkm@gmail.com,esoUnKZk4Y,CLIENT
oKbBrnThkv@gmail.com,g327REMgS5,CLIENT
LQf0gRbK7L@gmail.com,OrMfVmEnxy,CLIENT
z3sHWdkG38@gmail.com,wekkrXCDbx,CLIENT
aJz9KpC2vX@gmail.com,0A5xOVymFg,CLIENT
PMSeLQLUBJ@gmail.com,HoMPnkVimd,CLIENT
mz41x1kru7@gmail.com,t8aNQ8YY7q,CLIENT
yAfvFqH90B@gmail.com,3wffdvuoA3,CLIENT
Q5CGQo1rNq@gmail.com,pp2WyT4X64,CLIENT
7nTBzdHgLE@gmail.com,UolZBaOY6r,CLIENT
VxPtx8d8p6@gmail.com,34BD9fh31W,CLIENT
7NkVR6OncC@gmail.com,HxBZc6W6PV,CLIENT
7o7zFSflV0@gmail.com,eSGbZu5M74,CLIENT
lCs0bohSpt@gmail.com,z0OadCoA2F,CLIENT
r61rd1djMC@gmail.com,ucWhNQ9GBM,CLIENT
TxiAA3nrUQ@gmail.com,3ZpwUdCZYn,CLIENT
NL78EGoamZ@gmail.com,31ZE9O93A0,CLIENT
50q4QVTuMy@gmail.com,i2Elgdx3e9,CLIENT
gSVGbVOHI5@gmail.com,BORh2MRrip,CLIENT
Ev2i5jAC3V@gmail.com,oIzOJrxTro,CLIENT
skkZgYroRO@gmail.com,yR250R6ppI,CLIENT
OZb311z0hE@gmail.com,966WOGpv4t,CLIENT
tLyqjULlZU@gmail.com,ctyDrD8fbT,CLIENT
PjTvaTgsm1@gmail.com,hR6FaSgda5,CLIENT
A9Cpwmrhpj@gmail.com,aPcoDh99Ku,CLIENT
u1jSPYJx6o@gmail.com,PGEsy67uR2,CLIENT
0K3CoZil3h@gmail.com,xLPjWikGWe,CLIENT
Ouhpjtz46S@gmail.com,4QZDDnbd7S,CLIENT
gdC9P4Fepn@gmail.com,nAneHcDvvP,CLIENT
CQG2OYcmOn@gmail.com,NbiDpmo57x,CLIENT
4QggR7hcVv@gmail.com,LrEoDf3p8f,CLIENT
YTWLLKgzPR@gmail.com,MtTdgfhtpH,CLIENT
vWE5TzdVMQ@gmail.com,u37vxOedXM,CLIENT
wsViRljo9l@gmail.com,kObPjLUQ2u,CLIENT
AvYYN5ST7N@gmail.com,wdXzcwURir,CLIENT
7KqEs2K905@gmail.com,zCEUQSRdrn,CLIENT
T9gLSVdEuo@gmail.com,DMsuLK6vuo,CLIENT
gYlmalselL@gmail.com,oxPf4oJ6fG,CLIENT
DDVOIn7TGs@gmail.com,AQ9b8lPPsC,CLIENT
daQxekSDul@gmail.com,VWoQ7vmbWr,CLIENT
iKY1U6yrET@gmail.com,U50UTgqsxg,CLIENT
iTOCv1R7wC@gmail.com,xuX9DuHbhH,CLIENT
hvPDs1My1y@gmail.com,uUhSGSFfOT,CLIENT
gTQcaSc9BI@gmail.com,WzRXoNuAAE,CLIENT
zhl9pv3pwL@gmail.com,58zHdxeg9M,CLIENT
c8BBGEtEbm@gmail.com,zilElZ1p1F,CLIENT
tznnhm9vbv@gmail.com,I3RVbQjfUE,CLIENT
CSxWkV1pOu@gmail.com,2s5dHMPn5z,CLIENT
Vl0u83Kdm8@gmail.com,zWUDT5VNji,CLIENT
VSnhYxp7RE@gmail.com,6aEI6fU6v6,CLIENT
t9KzfbxPkh@gmail.com,1owBmbVmvO,CLIENT
8K45wUAJl2@gmail.com,z3CkI5yGRg,CLIENT
ruxhzxjTkv@gmail.com,cXNwfKb9jg,CLIENT
grPOBk1STK@gmail.com,O7o1EBao7L,CLIENT
IG2dh3YRl2@gmail.com,Qlb1V6NBlM,CLIENT
9oETqhcZKd@gmail.com,JlAXxIcor9,CLIENT
gCCiMCKYrQ@gmail.com,NotCVzNW5V,CLIENT
0F2yewwuGX@gmail.com,F9oLViedRc,CLIENT
6uDwiOa0Lt@gmail.com,iZnUcy2odO,CLIENT
mXmf0Nzcw9@gmail.com,Omq4bvpIMR,CLIENT
4sn7z7fIjD@gmail.com,RBF0OEsbsx,CLIENT
5uacV5611y@gmail.com,zi6JIh9DII,CLIENT
B8z9O7lyDG@gmail.com,NPE7pwkkty,CLIENT
BNr6CG54HB@gmail.com,a1bHqxO9nK,CLIENT
F9ylqzHh10@gmail.com,lyXX4S1bGp,CLIENT
DsQT2okBJl@gmail.com,vmpi2LPDhq,CLIENT
Y1MeJlN5uY@gmail.com,MigekhtzjG,CLIENT
P2UDF8Pxsl@gmail.com,0hZY10xAXb,CLIENT
Xii2gFblRg@gmail.com,Il9ye4zBYL,CLIENT
hgPst8yLsE@gmail.com,nleO7G12x5,CLIENT
2LIcp9JbIn@gmail.com,3BI1SxVroW,CLIENT
Ms4WzVgzFi@gmail.com,3IJ2mPZNzR,CLIENT
knrBMhM6IA@gmail.com,Fc87kNFTQ3,CLIENT
SH99wGIn60@gmail.com,7WqVE2KY0Y,CLIENT
5HUAKPo1ER@gmail.com,z4QWlKGudl,CLIENT
RW6yquMcmi@gmail.com,fmdGEYMdlG,CLIENT
iT2LZ9mi9T@gmail.com,49nXUjfDOM,CLIENT
wjxylXgKXW@gmail.com,BdFdA73wTn,CLIENT
rpvvsh7ZfD@gmail.com,oVe6AQYZ2Y,CLIENT
zmzIANShJE@gmail.com,rNcsEuGV5y,CLIENT
qehVBAQAY1@gmail.com,JnfbB255Ps,CLIENT
9Fmb47iWTn@gmail.com,nucc7fY8qP,CLIENT
3MYuLwnNbG@gmail.com,zZ41DfnXLV,CLIENT
vcHA77hfvg@gmail.com,Ld8Fs05APe,CLIENT
XIRqaNao9l@gmail.com,zN5H2CoIQG,CLIENT
kcPfcUhy9N@gmail.com,A1aqRVqBz5,CLIENT
nmcygo7r8Q@gmail.com,fbrZErxAfI,CLIENT
tYeAcrZfuF@gmail.com,rNt2hd7Nmc,CLIENT
5PGcZJQzfD@gmail.com,UWbj4qGbPs,CLIENT
aXCO5VSZZY@gmail.com,L43mktli63,CLIENT
AJ3e3admfT@gmail.com,d2U8eLQkvp,CLIENT
A5eDR31U9t@gmail.com,FIWzZtiSCe,CLIENT
GzZBjikyNu@gmail.com,Vg6BAQmHNQ,CLIENT
822MygDIjE@gmail.com,BOLcN9Gn9Y,CLIENT
CneTCQvrzg@gmail.com,Vsx1UXQO3x,CLIENT
xYspzEq196@gmail.com,qLGwRDblvX,CLIENT
kKIcM83oNt@gmail.com,WiRROXtblA,CLIENT
QN8TIYMznf@gmail.com,aSuFr4XXYD,CLIENT
gGWo7veteI@gmail.com,oX85ZreYC0,CLIENT
kJT3A3oS36@gmail.com,MSv084Jefm,CLIENT
srU1CBXKCp@gmail.com,QQuyPnDH1l,CLIENT
YjFqZvuhRk@gmail.com,rRkUPyrhAc,CLIENT
xyz9RH1h77@gmail.com,66Fg2BRtA7,CLIENT
ki2i49yT0t@gmail.com,ZcX2nnpZbG,CLIENT
5kcSJUu110@gmail.com,LLlKp8CrjH,CLIENT
SKnUyNDmaf@gmail.com,iRgFsXtjK2,CLIENT
taGNKmJAr2@gmail.com,MD7GkZY6ig,CLIENT
wZiI1or23v@gmail.com,t3pIa5tooi,CLIENT
J9q31FuAOB@gmail.com,YZOolYZtLN,CLIENT
HiXoSzP5gG@gmail.com,yOeMYtzzv1,CLIENT
NAWC1Fg3hp@gmail.com,t7khCrsqME,CLIENT
OCkcne9eHK@gmail.com,JYj7AUBzzc,CLIENT
xj688VzoxU@gmail.com,wbRUZLGcFa,CLIENT
LHIwurGelI@gmail.com,ugqjyc6Jjc,CLIENT
0kfIrmlrng@gmail.com,qdkOsVTSUE,CLIENT
RSSjgxR21d@gmail.com,QNERpOuyYr,CLIENT
54HEOgMosH@gmail.com,uyuiqjJCyK,CLIENT
pCCAReRNHU@gmail.com,5s3k0oqHOM,CLIENT
hMJL3ZS4BW@gmail.com,4XZkQvKLPG,CLIENT
vZM2AHG0Is@gmail.com,dGXfQlnBmn,CLIENT
caty24GnpW@gmail.com,tk2mehAQCr,CLIENT
R22MYiljti@gmail.com,tNLT4pooCS,CLIENT
LnVoJvCjCX@gmail.com,wbNOMvdjce,CLIENT
mqOjH1LwcU@gmail.com,pTSCTvj2ud,CLIENT
2W3Sg24yAB@gmail.com,X8suJnxzmw,CLIENT
TwjGrLEc02@gmail.com,LQNchmMhrO,CLIENT
JoGznqDlyp@gmail.com,RnRZ8OQb5g,CLIENT
7kuOm1lsqn@gmail.com,iRtBo1Rsux,CLIENT
kQkvvJm6KR@gmail.com,GjH6pa2mlx,CLIENT
b2pUJWamtf@gmail.com,GKsjiX032E,CLIENT
pLXY16mZXm@gmail.com,U83UA2AYdH,CLIENT
NVjdQPlHdj@gmail.com,fYoTEhU9i0,CLIENT
Vn6FYxN0tm@gmail.com,sFEFYHzIKj,CLIENT
tEGcdQtUxb@gmail.com,yGUFYUQOI1,CLIENT
IZPje4lH3l@gmail.com,rimey7Rvqj,CLIENT
jC8AgrlpoW@gmail.com,EmH0226mZw,CLIENT
ctCybo41qi@gmail.com,wce36bUQh5,CLIENT
KGLG79vajE@gmail.com,o25spc7ITh,CLIENT
Qkyl23c0e1@gmail.com,itkEarAJbM,CLIENT
WEVpP6MGTa@gmail.com,glj7maLsL7,CLIENT
U7NyRaC6RC@gmail.com,VweQFF7qA9,CLIENT
BlukV5xuZv@gmail.com,fssQ9eGBA2,CLIENT
01xsjJa56s@gmail.com,N8GD7h8F6Y,CLIENT
ICuTQVn3rp@gmail.com,nXun4Gg5J6,CLIENT
zPK7bYlUbQ@gmail.com,uAAdYM2VWg,CLIENT
88hcpRlKxI@gmail.com,PEYN1lNQvG,CLIENT
7D2biWaavM@gmail.com,RPkjJ9Jgqg,CLIENT
7DG2f7sX01@gmail.com,rACMjjEO6a,CLIENT
rnkNRpRqvJ@gmail.com,wbAq116AvM,CLIENT
e5Lv8GzhE2@gmail.com,uyNryFzwRD,CLIENT
BJFA3COznc@gmail.com,0N9v2r8dfA,CLIENT
MK9R8i8TPs@gmail.com,5zREIYorkg,CLIENT
QYqoTmfNxX@gmail.com,j4fAaaw0Xu,CLIENT
mALgXNq5rX@gmail.com,jF9vOTQeL9,CLIENT
3NtyFxsajq@gmail.com,BFv84PCG2j,CLIENT
EvLbPS0FJB@gmail.com,InL4DWRNMV,CLIENT
jPs9bKw0Kb@gmail.com,vlZlU2nWdN,CLIENT
1r2qCi5IYY@gmail.com,rLKiMN1JJv,CLIENT
bhvjOngvf1@gmail.com,gQqcxcA835,CLIENT
Qwom9tVWGT@gmail.com,OeJLrtr8vT,CLIENT
y6GZ31Thjh@gmail.com,pFll4JLm6t,CLIENT
K98bCzNIVX@gmail.com,SIybiqKWwf,CLIENT
SkxRoWTnNs@gmail.com,q8GUsFHRIV,CLIENT
D3CBt6MAMG@gmail.com,SbKj3CQotF,CLIENT
qTHPruEIgi@gmail.com,s0jWe3GSfX,CLIENT
Svezel7fsO@gmail.com,km88Vxh1tn,CLIENT
3xHDUiPO62@gmail.com,d5VDOZHzKE,CLIENT
OqQ04SOPMG@gmail.com,TsxyL8O0ow,CLIENT
6U3Pl841Md@gmail.com,k1fFEwSjrN,CLIENT
zC9W2O6FYu@gmail.com,8CqL1gcCXB,CLIENT
aUnnnXo7TU@gmail.com,WNjgbaY90w,CLIENT
t0r3lyNoPf@gmail.com,G9AeEXVu3c,CLIENT
IrKqTtD04R@gmail.com,uuYDr3CM3K,CLIENT
tCBmkJ7SNK@gmail.com,0VPdznpEWr,CLIENT
Z55QOULBlt@gmail.com,CXibr4YiVn,CLIENT
rocmMAMAuZ@gmail.com,QaL7YkGK7f,CLIENT
MMjCG7Qfmb@gmail.com,W32XtPoBKv,CLIENT
gKfzogXMHJ@gmail.com,33pmdaLF8C,CLIENT
P9iNENg8vD@gmail.com,BaEMv9Lw8n,CLIENT
jvwducdMpi@gmail.com,aHfsuIQQtn,CLIENT
5b3gEfzngt@gmail.com,6MtozY2XSa,CLIENT
6JLGfFGDLs@gmail.com,z9uyvRcUmH,CLIENT
Jut4YwA8LX@gmail.com,4mTXIr8NZx,CLIENT
3Z4FLy7NDE@gmail.com,9hsRO8TGHc,CLIENT
uutxOLd2nn@gmail.com,RcNQQ5X9Ll,CLIENT
KAkztnkTOJ@gmail.com,JScsiH8gDD,CLIENT
c2QNPXOI0G@gmail.com,9Ql5hD02uI,CLIENT
fiPyBtcpBv@gmail.com,Ay37vVtwYN,CLIENT
Mwg9su76PS@gmail.com,p2kmRTfVwA,CLIENT
hc4tmpqA6l@gmail.com,dX1bjeJDli,CLIENT
TY88T1blsR@gmail.com,I74ylOONqy,CLIENT
qUJ8QLeRNN@gmail.com,LfliuRDf0I,CLIENT
EI5jh2UCce@gmail.com,K93NTArvdn,CLIENT
pdwyHg4y6a@gmail.com,hYR2M1fxiU,CLIENT
5slh738Sgc@gmail.com,i7JdJePas7,CLIENT
nrEaoWoJis@gmail.com,f8igSKrajY,CLIENT
9UV4DulxFl@gmail.com,z7T5SlcC4y,CLIENT
c7lqLYpTvQ@gmail.com,nkd4ZqYDa5,CLIENT
XXxqz9UWEK@gmail.com,875gx4w2tJ,CLIENT
4GpRVSWczG@gmail.com,aw4h3iG8gL,CLIENT
J6ExbdQF4x@gmail.com,xWTeeL1d2L,CLIENT
pnEuHSwTOA@gmail.com,pMn6jKejOS,CLIENT
gxEFelSXjR@gmail.com,f1x2kTmEAC,CLIENT
FQOXNZfAGj@gmail.com,90MetNH0PK,CLIENT
evMDw65rts@gmail.com,SyghpbWa5l,CLIENT
QI4MTYaqiM@gmail.com,tm3kJ6g6ph,CLIENT
egkScNDieK@gmail.com,4zyThT6rwr,CLIENT
5qOF3qRmvN@gmail.com,VvtMMacKZN,CLIENT
lfhxOMzCAv@gmail.com,C8v1szVGsi,CLIENT
coHIjGpkx7@gmail.com,p2rclDN6jt,CLIENT
pIi0uNNX8h@gmail.com,otPi0RQzpH,CLIENT
5K4YBvpZ0n@gmail.com,xkFp7y2Nfu,CLIENT
5Fepl6Ez2c@gmail.com,91oLWebktf,CLIENT
WpJLLWIKzt@gmail.com,6CICNx1tWr,CLIENT
82s4iCz8TM@gmail.com,CUEuBgQQ6M,CLIENT
GwVNthn4zX@gmail.com,vfqCPzMFGA,CLIENT
G59Uv3lVMv@gmail.com,vfx6DjA5Wx,CLIENT
euHDaPoZLb@gmail.com,FesMwWFCMj,CLIENT
KEM2B2aqUT@gmail.com,V6J4Xjs8RC,CLIENT
ibRrja8ubO@gmail.com,2aWELKHrhE,CLIENT
gPRCGabPDr@gmail.com,RIk5xWcfpV,CLIENT
ggbJbPY9Bm@gmail.com,bj0gJQw9CE,CLIENT
2jyAGcTWSI@gmail.com,RlTZrpA8wr,CLIENT
OsNUhOsVbi@gmail.com,2ipEnt0Z9r,CLIENT
GvrzF6ct70@gmail.com,MZr0BDA3Pi,CLIENT
ocZ6Pqbqme@gmail.com,fGwXF1rxdM,CLIENT
4aw77YiXHv@gmail.com,DJVsVrKMzf,CLIENT
XSdx5BZ9C3@gmail.com,EPSbHLpfhA,CLIENT
LV7U4PePVL@gmail.com,f5vfb1uy0G,CLIENT
VgswZm2ihP@gmail.com,zGcR0PBbDW,CLIENT
THf9CpAMav@gmail.com,3y8iIq1ZTK,CLIENT
INfbMq9DbE@gmail.com,PylpzO0GNg,CLIENT
OZWOCDPb9G@gmail.com,LfXeohjjhR,CLIENT
uWJ088DPZb@gmail.com,wSUUd0fhPM,CLIENT
EM3eB26QA2@gmail.com,Rbb9DW2kuu,CLIENT
VlQXzWABfF@gmail.com,eci093Pr0D,CLIENT
7cAOd5g9If@gmail.com,VTzJzphZR1,CLIENT
298a7JC3HE@gmail.com,ZdM73u1Jqi,CLIENT
UrBE1yjEeG@gmail.com,hV37p6A4c3,CLIENT
